image_url,views,height,width
https://lego-gallery.s3-us-west-1.amazonaws.com/images/adi-suryanata-5T0bY-x9A8U-unsplash.jpg,1882,1350,438
https://lego-gallery.s3-us-west-1.amazonaws.com/images/alan-hardman-2epxSXR-e68-unsplash.jpg,8959,508,517
https://lego-gallery.s3-us-west-1.amazonaws.com/images/alan-hardman-Y-hl3rx5fr8-unsplash.jpg,1267,985,956
https://lego-gallery.s3-us-west-1.amazonaws.com/images/alphacolor-ipmwlGIXzcw-unsplash.jpg,3246,1062,827
https://lego-gallery.s3-us-west-1.amazonaws.com/images/artem-maltsev-yVl-lO4IvCM-unsplash.jpg,561,536,581
https://lego-gallery.s3-us-west-1.amazonaws.com/images/artur-tumasjan-05804iCnNcQ-unsplash.jpg,8773,865,1835
https://lego-gallery.s3-us-west-1.amazonaws.com/images/artur-tumasjan-42l3tjsJGyw-unsplash.jpg,4130,831,1027
https://lego-gallery.s3-us-west-1.amazonaws.com/images/artur-tumasjan-7swKXcMfsv4-unsplash.jpg,4344,1387,1761
https://lego-gallery.s3-us-west-1.amazonaws.com/images/artur-tumasjan-Ox-x45IaxSA-unsplash.jpg,112,1894,419
https://lego-gallery.s3-us-west-1.amazonaws.com/images/artur-tumasjan-lBCpc87rtKo-unsplash.jpg,5475,1605,671
https://lego-gallery.s3-us-west-1.amazonaws.com/images/artur-tumasjan-zM8sSfYFDww-unsplash.jpg,7756,859,572
https://lego-gallery.s3-us-west-1.amazonaws.com/images/atish-sewmangel-NYbTdrBh740-unsplash.jpg,1578,1536,830
https://lego-gallery.s3-us-west-1.amazonaws.com/images/atish-sewmangel-pozVMXlZaA4-unsplash.jpg,8156,1225,982
https://lego-gallery.s3-us-west-1.amazonaws.com/images/cassidy-james-blaede-demvKRNvtLY-unsplash.jpg,5944,1096,414
https://lego-gallery.s3-us-west-1.amazonaws.com/images/christopher-chang-bdOL4LG8T7I-unsplash.jpg,4095,1806,1250
https://lego-gallery.s3-us-west-1.amazonaws.com/images/ciprian-boiciuc-TrNSWatUW5g-unsplash.jpg,1235,1368,1167
https://lego-gallery.s3-us-west-1.amazonaws.com/images/daniel-cheung--oM_twQDw2Y-unsplash.jpg,5590,1055,1172
https://lego-gallery.s3-us-west-1.amazonaws.com/images/daniel-cheung-ZqqlOZyGG7g-unsplash.jpg,3848,1804,492
https://lego-gallery.s3-us-west-1.amazonaws.com/images/daniel-cheung-bO4UR1VzQu8-unsplash.jpg,1480,1082,1273
https://lego-gallery.s3-us-west-1.amazonaws.com/images/daniel-cheung-cPF2nlWcMY4-unsplash.jpg,276,1241,1495
https://lego-gallery.s3-us-west-1.amazonaws.com/images/daniel-cheung-dDppsuM_UpE-unsplash.jpg,742,667,1297
https://lego-gallery.s3-us-west-1.amazonaws.com/images/daniel-cheung-i5Lmb7qPR7s-unsplash.jpg,5564,905,1917
https://lego-gallery.s3-us-west-1.amazonaws.com/images/daniel-cheung-mvo-xJE1oFg-unsplash.jpg,5827,1705,443
https://lego-gallery.s3-us-west-1.amazonaws.com/images/daniel-cheung-nXKNn2L4fDw-unsplash.jpg,9825,1661,1224
https://lego-gallery.s3-us-west-1.amazonaws.com/images/daniel-cheung-sCdm5DiJb8w-unsplash.jpg,3964,934,1737
https://lego-gallery.s3-us-west-1.amazonaws.com/images/ddp-A2NhDrJ_aXQ-unsplash.jpg,7319,1645,1056
https://lego-gallery.s3-us-west-1.amazonaws.com/images/eric-niklas-2ccw3EvSidY-unsplash.jpg,6449,700,1827
https://lego-gallery.s3-us-west-1.amazonaws.com/images/eric-niklas-7aFEesqvLs8-unsplash.jpg,3704,944,1741
https://lego-gallery.s3-us-west-1.amazonaws.com/images/eric-niklas-98wa1qZHmB4-unsplash.jpg,487,1163,573
https://lego-gallery.s3-us-west-1.amazonaws.com/images/eric-niklas-DkC9fKxNias-unsplash.jpg,9977,1118,591
https://lego-gallery.s3-us-west-1.amazonaws.com/images/eric-niklas-DmZuhClBhZ0-unsplash.jpg,9359,1653,617
https://lego-gallery.s3-us-west-1.amazonaws.com/images/eric-niklas-EYWWLj8yhzI-unsplash.jpg,5066,1047,544
https://lego-gallery.s3-us-west-1.amazonaws.com/images/eric-niklas-GDOGHRVhcME-unsplash.jpg,6714,1498,1671
https://lego-gallery.s3-us-west-1.amazonaws.com/images/eric-niklas-XPxiP5SvOV0-unsplash.jpg,6686,1457,785
https://lego-gallery.s3-us-west-1.amazonaws.com/images/eric-niklas-pZH_1McF2ac-unsplash.jpg,87,768,736
https://lego-gallery.s3-us-west-1.amazonaws.com/images/esteban-lopez-6yjAC0-OwkA-unsplash.jpg,3091,762,1031
https://lego-gallery.s3-us-west-1.amazonaws.com/images/esteban-lopez-ByaqWzGJKhg-unsplash.jpg,7222,997,724
https://lego-gallery.s3-us-west-1.amazonaws.com/images/esteban-lopez-rsXAKLDfqB8-unsplash.jpg,5923,1047,1471
https://lego-gallery.s3-us-west-1.amazonaws.com/images/fran-jacquier-iv6Xbp11olc-unsplash.jpg,7057,717,921
https://lego-gallery.s3-us-west-1.amazonaws.com/images/glen-carrie-HpMihL323k0-unsplash.jpg,8023,942,1168
https://lego-gallery.s3-us-west-1.amazonaws.com/images/hello-i-m-nik-5dgHxsvJ170-unsplash.jpg,2424,926,1394
https://lego-gallery.s3-us-west-1.amazonaws.com/images/hello-i-m-nik-8yCmQODY2SY-unsplash.jpg,9421,793,867
https://lego-gallery.s3-us-west-1.amazonaws.com/images/hello-i-m-nik-F3E5Bkq0JUY-unsplash.jpg,7699,1835,568
https://lego-gallery.s3-us-west-1.amazonaws.com/images/hello-i-m-nik-OOJAUol19oo-unsplash.jpg,6746,480,1797
https://lego-gallery.s3-us-west-1.amazonaws.com/images/hello-i-m-nik-RHcvA5zYoVg-unsplash.jpg,5339,1661,1732
https://lego-gallery.s3-us-west-1.amazonaws.com/images/hello-i-m-nik-Uk5lAaYfF7w-unsplash.jpg,2573,1313,1042
https://lego-gallery.s3-us-west-1.amazonaws.com/images/hello-i-m-nik-l4ADb9OVqTY-unsplash.jpg,8398,532,897
https://lego-gallery.s3-us-west-1.amazonaws.com/images/hello-i-m-nik-pAm4AuTYxEY-unsplash.jpg,3328,797,1646
https://lego-gallery.s3-us-west-1.amazonaws.com/images/hong-lin-ZeYQxqEUnWQ-unsplash.jpg,9705,1696,794
https://lego-gallery.s3-us-west-1.amazonaws.com/images/iker-urteaga-TL5Vy1IM-uA-unsplash.jpg,9135,1634,1612
https://lego-gallery.s3-us-west-1.amazonaws.com/images/ines-pimentel-opkaRk20tAw-unsplash.jpg,9116,1548,1718
https://lego-gallery.s3-us-west-1.amazonaws.com/images/james-pond-26vBUtlufFo-unsplash.jpg,9137,1097,1848
https://lego-gallery.s3-us-west-1.amazonaws.com/images/james-pond-HUiSySuofY0-unsplash.jpg,7513,1084,1158
https://lego-gallery.s3-us-west-1.amazonaws.com/images/james-pond-jnL0gfo_5Rg-unsplash.jpg,7361,596,748
https://lego-gallery.s3-us-west-1.amazonaws.com/images/james-pond-riEYPSKxoTw-unsplash.jpg,4918,565,527
https://lego-gallery.s3-us-west-1.amazonaws.com/images/jan-kaluza-arGf1Hhey3w-unsplash.jpg,8984,1964,470
https://lego-gallery.s3-us-west-1.amazonaws.com/images/jelleke-vanooteghem-6NUlOHM40w8-unsplash.jpg,2111,1079,1241
https://lego-gallery.s3-us-west-1.amazonaws.com/images/jeremy-avery-prOiMD1Kv2I-unsplash.jpg,4357,1643,1990
https://lego-gallery.s3-us-west-1.amazonaws.com/images/joel-drzycimski-pbO12i4mzZQ-unsplash.jpg,9957,510,1879
https://lego-gallery.s3-us-west-1.amazonaws.com/images/johny-vino-Ydpw_o7RKio-unsplash.jpg,9238,1630,1579
https://lego-gallery.s3-us-west-1.amazonaws.com/images/kalea-jerielle-_gI_sP5K3Hc-unsplash.jpg,3061,678,1858
https://lego-gallery.s3-us-west-1.amazonaws.com/images/marco-montero-pisani-J_oMW9wbkKo-unsplash.jpg,6166,1017,655
https://lego-gallery.s3-us-west-1.amazonaws.com/images/marco-montero-pisani-Rqe-hlgoaXY-unsplash.jpg,2881,1552,681
https://lego-gallery.s3-us-west-1.amazonaws.com/images/mark-seletcky-lderW9mBIkM-unsplash.jpg,3528,529,679
https://lego-gallery.s3-us-west-1.amazonaws.com/images/markus-spiske-0Fd_bRYysT4-unsplash.jpg,369,1227,511
https://lego-gallery.s3-us-west-1.amazonaws.com/images/markus-spiske-0YKHHLXsp_0-unsplash.jpg,6822,465,1542
https://lego-gallery.s3-us-west-1.amazonaws.com/images/markus-spiske-8CWoXxaqGrs-unsplash.jpg,3759,1767,589
https://lego-gallery.s3-us-west-1.amazonaws.com/images/markus-spiske-C0koz3G1I4I-unsplash.jpg,2917,819,1424
https://lego-gallery.s3-us-west-1.amazonaws.com/images/markus-spiske-NjZqlHEKM8U-unsplash.jpg,664,1939,1517
https://lego-gallery.s3-us-west-1.amazonaws.com/images/markus-spiske-SYrlpGnICBY-unsplash.jpg,8461,1159,1788
https://lego-gallery.s3-us-west-1.amazonaws.com/images/markus-spiske-XjD0kNkpq2E-unsplash.jpg,3391,509,1327
https://lego-gallery.s3-us-west-1.amazonaws.com/images/markus-spiske-i3NErWcPw-I-unsplash.jpg,1548,1162,1181
https://lego-gallery.s3-us-west-1.amazonaws.com/images/markus-spiske-rECnlIKHhXE-unsplash.jpg,9877,1790,426
https://lego-gallery.s3-us-west-1.amazonaws.com/images/markus-spiske-w99fOHFYTjc-unsplash.jpg,3148,416,461
https://lego-gallery.s3-us-west-1.amazonaws.com/images/markus-spiske-yjncm0NnDYw-unsplash.jpg,8252,868,1482
https://lego-gallery.s3-us-west-1.amazonaws.com/images/michu-dang-quang-CCmNGVubkEw-unsplash.jpg,8727,844,1433
https://lego-gallery.s3-us-west-1.amazonaws.com/images/nathan-duck-PzRuJU9v-oc-unsplash.jpg,891,1830,1556
https://lego-gallery.s3-us-west-1.amazonaws.com/images/neonbrand-CXDw96Oy-Yw-unsplash.jpg,6163,766,504
https://lego-gallery.s3-us-west-1.amazonaws.com/images/nicholas-santoianni-WVinWsKIpKo-unsplash.jpg,1142,1658,426
https://lego-gallery.s3-us-west-1.amazonaws.com/images/ninety-eyes-6TWKpVmg-jQ-unsplash.jpg,2034,1549,1689
https://lego-gallery.s3-us-west-1.amazonaws.com/images/ninety-eyes-P9inWFBzBdY-unsplash.jpg,3190,608,1890
https://lego-gallery.s3-us-west-1.amazonaws.com/images/ninety-eyes-oi_bT60X8hU-unsplash.jpg,858,748,650
https://lego-gallery.s3-us-west-1.amazonaws.com/images/omar-albeik-I6gWLztKrYc-unsplash.jpg,2386,1811,1613
https://lego-gallery.s3-us-west-1.amazonaws.com/images/omar-flores-0SjpPAu64tQ-unsplash.jpg,3182,1665,1172
https://lego-gallery.s3-us-west-1.amazonaws.com/images/omar-flores-I8PObPgsf84-unsplash.jpg,9353,428,1559
https://lego-gallery.s3-us-west-1.amazonaws.com/images/omar-flores-_ryfSBc4Z6I-unsplash.jpg,3274,1271,510
https://lego-gallery.s3-us-west-1.amazonaws.com/images/padraig-treanor-eUQkDo9-ubA-unsplash.jpg,5727,1548,1604
https://lego-gallery.s3-us-west-1.amazonaws.com/images/philip-veater-Y58Sww9SR1c-unsplash.jpg,6561,1868,1804
https://lego-gallery.s3-us-west-1.amazonaws.com/images/praveesh-palakeel-ru4cgXoGPp0-unsplash.jpg,1156,463,1357
https://lego-gallery.s3-us-west-1.amazonaws.com/images/rick-mason-2FaCKyEEtis-unsplash.jpg,5087,1532,1819
https://lego-gallery.s3-us-west-1.amazonaws.com/images/rishi-deep-QtnUbHeiOE0-unsplash.jpg,9016,850,606
https://lego-gallery.s3-us-west-1.amazonaws.com/images/ryan-howerter-JXIFjYVbAS8-unsplash.jpg,325,1333,1680
https://lego-gallery.s3-us-west-1.amazonaws.com/images/ryan-moulton-I7jxHOubdYI-unsplash.jpg,6680,1515,1855
https://lego-gallery.s3-us-west-1.amazonaws.com/images/ryan-quintal-97odosRYZ7w-unsplash.jpg,7349,509,916
https://lego-gallery.s3-us-west-1.amazonaws.com/images/ryan-quintal-G-HRuwCTR7c-unsplash.jpg,2755,1596,1010
https://lego-gallery.s3-us-west-1.amazonaws.com/images/ryan-quintal-GIsKbMBDqJI-unsplash.jpg,5647,443,870
https://lego-gallery.s3-us-west-1.amazonaws.com/images/ryan-quintal-Kc5GdiUbs8o-unsplash.jpg,6526,1971,637
https://lego-gallery.s3-us-west-1.amazonaws.com/images/ryan-quintal-US9Tc9pKNBU-unsplash.jpg,1595,984,1426
https://lego-gallery.s3-us-west-1.amazonaws.com/images/ryan-quintal-_H7p-RZUVo4-unsplash.jpg,7449,735,656
https://lego-gallery.s3-us-west-1.amazonaws.com/images/ryan-quintal-nCkxIooy85U-unsplash.jpg,7940,1195,506
